{
  "timestamp": "2026-03-13T15:58:39.539710",
  "settings": {
    "n_hgps": 100,
    "n_controls": 400,
    "random_state": 42,
    "device": "cpu"
  },
  "results": {
    "qml": {
      "QSVM": {
        "accuracy": 0.55,
        "precision": 0.17857142857142858,
        "recall": 0.5555555555555556,
        "f1": 0.2702702702702703
      },
      "QNN": {
        "accuracy": 0.5666666666666667,
        "precision": 0.18518518518518517,
        "recall": 0.5555555555555556,
        "f1": 0.2777777777777778
      }
    }
  }
}